scenario,controller,rmse_K,mae_K,max_abs_err_K,in_band_pct,stress_h,rh_over_90_h,heating_kwh,cooling_fan_kwh,total_kwh,actuator_travel,heat_cool_overlap_h,alarms
broiler_brooding,fuzzy_pi,0.1554231402302623,0.03896309870359992,3.5543424168377022,99.65972222222223,0.0,0.0,14302.188133441523,35.99749999982823,14338.185633441351,154.71574288505462,0.0,0.0
broiler_brooding,pid,0.07733195362544104,0.03084517480286975,2.033037859164189,99.86111111111111,0.0,0.0,14306.218014707463,35.99749999982823,14342.215514707292,400.68575054322935,0.0,0.0
broiler_brooding,mpc,0.15235861350653016,0.12374108368827536,1.655692582917112,99.92361111111111,0.0,0.0,14246.817718430622,35.99749999982823,14282.81521843045,29.788085659575348,0.0,0.0
broiler_brooding,legacy_fis,21.223922903205544,21.12128802212344,24.980855886955176,0.0,119.95,0.0,6064.156629224208,370.048475368338,6434.2051045925455,9.206671735889739,120.0,0.0
cold_storage_door_openings,fuzzy_pi,0.45440682901291274,0.1811615856165847,4.13037566354098,94.95949074074073,0.125,0.04166666666666667,1.9261631524154468,128.2485760183947,130.17473917081014,110.73714290508832,0.0,0.0
cold_storage_door_openings,pid,0.3809222039248785,0.13394313877183048,4.032282652509447,96.50462962962963,0.06666666666666667,0.03333333333333333,0.0,127.58405749348098,127.58405749348098,252.51636568146662,0.0,0.0
cold_storage_door_openings,mpc,0.5426436565104281,0.24377798541654136,4.032282652509447,94.53125,0.33611111111111114,0.41111111111111115,0.0,126.7135341162698,126.7135341162698,31.093048042369887,0.0,0.0
cold_storage_door_openings,legacy_fis,9.413426498045236,9.091888871309768,13.75186758854641,0.0,48.0,0.002777777777777778,50.05112144806154,94.85852601679002,144.90964746485156,0.6420867984250863,48.0,0.0
frost_protection_polytunnel,fuzzy_pi,1.4424505504719867,0.8375454124992399,6.088738354971868,78.73263888888889,0.0,22.241666666666667,920.917501381919,0.0,920.917501381919,147.68783645637183,0.0,0.0
frost_protection_polytunnel,pid,1.4346934506114213,0.8239516812636524,6.0883061850813345,78.90625,0.0,21.733333333333334,920.734622185436,0.0,920.734622185436,216.06648300223725,0.0,0.0
frost_protection_polytunnel,mpc,1.469963968252158,0.9181154044974035,6.077520921604519,77.79513888888889,0.0,21.433333333333334,903.8884768215656,0.0,903.8884768215656,92.22510200380822,0.0,0.0
frost_protection_polytunnel,legacy_fis,4.596822859792452,4.017095684135188,10.860468232913123,12.552083333333334,8.133333333333333,34.59166666666667,526.753680740554,0.0,526.753680740554,237.23568739443144,46.0,0.0
greenhouse_sensor_actuator_faults,fuzzy_pi,3.068028077345126,1.1410848108056149,13.630350388649324,86.72453703703704,5.916666666666667,18.808333333333334,5754.070754882689,75.83074767625162,5829.901502558941,123.37108293329949,0.008333333333333333,46.0
greenhouse_sensor_actuator_faults,fuzzy_pi+ai,0.34911452306040536,0.19255729923988177,3.2533693597548545,97.44212962962962,0.0,17.991666666666667,6215.85314987646,0.0,6215.85314987646,123.45109052058366,0.0,42.0
greenhouse_sensor_actuator_faults,legacy_fis,6.914250545734377,5.867714728097719,11.656429490585293,10.68287037037037,25.816666666666666,17.875,3854.6783565593505,174.53545687439996,4029.2138134337506,10.102818667209085,71.99166666666666,44.0
heatwave_cucumber_cooling,fuzzy_pi,1.4354742654431862,0.8114213952653836,5.859864388666892,77.44212962962963,0.0,0.0,124.85572068171653,524.1241840707236,648.9799047524401,70.0387702536462,0.0,0.0
heatwave_cucumber_cooling,pid,1.425052736076109,0.8011023301174539,5.859797836397021,77.74305555555556,0.0,0.0,125.87359633458586,527.1635639442635,653.0371602788493,160.99512335212788,0.0,0.0
heatwave_cucumber_cooling,mpc,1.4334842077110297,0.855431958971223,5.859749843230453,77.69675925925927,0.0,0.0,80.8495563402245,516.5534586607967,597.4030150010211,29.302774627836047,0.0,0.0
heatwave_cucumber_cooling,legacy_fis,5.1161900762268395,4.2482851806255795,11.012719427386095,22.04861111111111,11.366666666666667,0.0,3869.219324253879,217.48493808269404,4086.7042623365733,9.616012429802863,72.0,0.0
mushroom_spawn_to_pinning,fuzzy_pi,0.15095613625406795,0.030944284280517993,3.070413060838213,99.58912037037037,0.0,0.03333333333333333,592.4219671004282,28.798249999896157,621.2202171003244,75.27562002943156,0.0,0.0
mushroom_spawn_to_pinning,pid,0.09093504038282273,0.02792294670773068,3.004540533479897,99.83796296296296,0.0,0.022222222222222223,592.9710411122098,28.798249999896157,621.769291112106,244.2963271721831,0.0,0.0
mushroom_spawn_to_pinning,mpc,0.20376864941136572,0.1781407585803298,3.004540533479897,99.84953703703704,0.0,0.022222222222222223,576.7100596560351,28.798249999896157,605.5083096559313,26.65908478015915,0.0,0.0
mushroom_spawn_to_pinning,legacy_fis,3.4627565304015366,3.186955674989421,5.395365032505438,0.0,0.0,0.022222222222222223,501.5756389604532,179.030169665048,680.6058086255011,15.250433676340096,96.0,0.0
seed_germination_chamber,fuzzy_pi,0.18852507190141504,0.023112497103551333,5.022642393716055,99.71064814814815,0.0,0.0,28.605361753114227,0.9635348844252953,29.568896637539524,101.55617966861075,0.0,0.0
seed_germination_chamber,pid,0.13394653888440688,0.01613129429225178,5.0,99.81867283950618,0.0,0.0,28.697345274048313,0.99040224337683,29.687747517425144,480.79367701427645,0.01388888888888889,0.0
seed_germination_chamber,mpc,0.24984898768454333,0.1947637499170979,5.0,99.27083333333333,0.0,0.0,27.848620617406876,0.8798493472038784,28.728469964610756,22.92071803444164,0.0,0.0
seed_germination_chamber,legacy_fis,4.937040290927988,4.240442457780821,8.605466581188594,3.6921296296296298,0.0,0.0,59.92490465893598,17.83379161466039,77.75869627359637,13.17524913942187,72.0,0.0
tomato_greenhouse_spring,fuzzy_pi,0.29080203154393136,0.15163829876597262,2.195349703416163,98.3449074074074,0.0,12.108333333333333,4144.593921005193,3.251514379988856,4147.845435385182,121.43950280955377,0.0,0.0
tomato_greenhouse_spring,pid,0.21039988406883955,0.1222527792823869,2.204493974423894,99.21296296296296,0.0,12.025,4146.334763445063,3.2123538087293873,4149.547117253792,278.54073716655273,0.0,0.0
tomato_greenhouse_spring,mpc,0.3406146129546,0.2543265476456083,1.5217800724269566,98.46064814814814,0.0,13.216666666666667,4055.4420054179286,2.416252852093504,4057.858258270022,44.60101893522877,0.0,0.0
tomato_greenhouse_spring,legacy_fis,5.272539825826874,4.348241803421557,9.914917131990094,19.40972222222222,17.016666666666666,14.049999999999999,4143.427006037607,187.63925906279496,4331.066265100401,7.353532426035757,72.0,0.0
